{"0.0": {"S(t)": [0.7891814893221081, 0.8113729114987283, 0.8335643336753484, 0.8557557558519687, 0.8779471780285889, 0.9001386002052091, 0.9223300223818293, 0.9445214445584496, 0.9667128667350697, 0.9889042889116899, 1.01109571108831, 1.0332871332649303, 1.0554785554415504, 1.0776699776181706, 1.0998613997947908, 1.1220528219714112, 1.1442442441480314, 1.1664356663246516, 1.1886270885012717, 1.210818510677892], "V(t)": [0.003323310677554862, 0.0059879368088445704, 0.010061766491827724, 0.01587986763221537, 0.023706404773906863, 0.03368822500176902, 0.045842752513352264, 0.060057631261235485, 0.0761235288777941, 0.09376260986738941, 0.11268268264110243, 0.13259754279970995, 0.1532524997189853, 0.1744359804242428, 0.19598577737644007, 0.21777938390323592, 0.23973056424300312, 0.2617806354451126, 0.28389000281817095, 0.306035516217846]}, "0.25": {"S(t)": [0.7891814893221081, 0.8113729114987283, 0.8335643336753484, 0.8557557558519687, 0.8779471780285889, 0.9001386002052091, 0.9223300223818293, 0.9445214445584496, 0.9667128667350697, 0.9889042889116899, 1.01109571108831, 1.0332871332649303, 1.0554785554415504, 1.0776699776181706, 1.0998613997947908, 1.1220528219714112, 1.1442442441480314, 1.1664356663246516, 1.1886270885012717, 1.210818510677892], "V(t)": [0.0008890599403323917, 0.0019715026780350183, 0.003962971134261147, 0.007291406358326627, 0.01239989076601034, 0.019660539402940734, 0.02931400575632234, 0.041408939358537386, 0.05582156486239011, 0.07227622769415509, 0.0904230649130669, 0.10988191472626928, 0.13030620699390946, 0.15139786692877766, 0.17293353460607266, 0.19474745014751882, 0.2167290635914433, 0.23880898245166357, 0.26094176198570546, 0.2831045137819822]}, "0.5": {"S(t)": [0.7891814893221081, 0.8113729114987283, 0.8335643336753484, 0.8557557558519687, 0.8779471780285889, 0.9001386002052091, 0.9223300223818293, 0.9445214445584496, 0.9667128667350697, 0.9889042889116899, 1.01109571108831, 1.0332871332649303, 1.0554785554415504, 1.0776699776181706, 1.0998613997947908, 1.1220528219714112, 1.1442442441480314, 1.1664356663246516, 1.1886270885012717, 1.210818510677892], "V(t)": [7.851059196652543e-05, 0.00026356417999912155, 0.0007567367616678603, 0.0018863845913672567, 0.004144647835358786, 0.008132645499613123, 0.014446236944010237, 0.023513813069781977, 0.03549028197407604, 0.05022179538477886, 0.0673115507375671, 0.08623530525533082, 0.10646756956047602, 0.12755572555835212, 0.1491639844056829, 0.17106446774982184, 0.19311860916675208, 0.21524921332184632, 0.2374146192421469, 0.259595915050909]}, "0.75": {"S(t)": [0.7891814893221081, 0.8113729114987283, 0.8335643336753484, 0.8557557558519687, 0.8779471780285889, 0.9001386002052091, 0.9223300223818293, 0.9445214445584496, 0.9667128667350697, 0.9889042889116899, 1.01109571108831, 1.0332871332649303, 1.0554785554415504, 1.0776699776181706, 1.0998613997947908, 1.1220528219714112, 1.1442442441480314, 1.1664356663246516, 1.1886270885012717, 1.210818510677892], "V(t)": [1.0613450482423309e-07, 1.2378522769223938e-06, 1.0309770710606873e-05, 6.332823822816327e-05, 0.00029576429729561045, 0.0010768558634230358, 0.0031438408828621573, 0.0075581600857990835, 0.015366086922899475, 0.027128746607186054, 0.042632049390449865, 0.061061667231128956, 0.0814033644348973, 0.10280002700000322, 0.12469169204239058, 0.14678360055951442, 0.16894578232980412, 0.19112962559942573, 0.21331964944144963, 0.23551103730656306]}, "1.0": {"S(t)": [0.7891814893221081, 0.8113729114987283, 0.8335643336753484, 0.8557557558519687, 0.8779471780285889, 0.9001386002052091, 0.9223300223818293, 0.9445214445584496, 0.9667128667350697, 0.9889042889116899, 1.01109571108831, 1.0332871332649303, 1.0554785554415504, 1.0776699776181706, 1.0998613997947908, 1.1220528219714112, 1.1442442441480314, 1.1664356663246516, 1.1886270885012717, 1.210818510677892], "V(t)": [0.0, 0.0, 0.0, 0.0, 0.0, 0.0, 0.0, 0.0, 0.0, 0.0, 0.01109621601915246, 0.033287616425409595, 0.05547856146693173, 0.07767049524388871, 0.09986193100709524, 0.12205336859807044, 0.1442447789751329, 0.1664357202025359, 0.1886276588646683, 0.21081906272425419]}}