{"0.0": {"S(t)": [0.9333333333333333, 0.9403508771929825, 0.9473684210526316, 0.9543859649122807, 0.9614035087719298, 0.968421052631579, 0.9754385964912281, 0.9824561403508771, 0.9894736842105263, 0.9964912280701754, 1.0035087719298246, 1.0105263157894737, 1.0175438596491229, 1.024561403508772, 1.0315789473684212, 1.03859649122807, 1.0456140350877192, 1.0526315789473684, 1.0596491228070175, 1.0666666666666667], "V(t)": [1.0225711211504206e-12, 1.268788124671296e-10, 7.174478222531704e-09, 2.4940972450512737e-07, 4.42808325167671e-06, 4.49280927836167e-05, 0.00029768272514831316, 0.0012473991126739773, 0.0036741483270173896, 0.007990098421083013, 0.01386706047604653, 0.020550318049372712, 0.027503505365315487, 0.03451244719542734, 0.041529664464784274, 0.0485468282899066, 0.05556462042959877, 0.0625822402724115, 0.06959940117151417, 0.07661722685164274]}, "0.25": {"S(t)": [0.9333333333333333, 0.9403508771929825, 0.9473684210526316, 0.9543859649122807, 0.9614035087719298, 0.968421052631579, 0.9754385964912281, 0.9824561403508771, 0.9894736842105263, 0.9964912280701754, 1.0035087719298246, 1.0105263157894737, 1.0175438596491229, 1.024561403508772, 1.0315789473684212, 1.03859649122807, 1.0456140350877192, 1.0526315789473684, 1.0596491228070175, 1.0666666666666667], "V(t)": [2.2845751552407802e-17, 3.158911160682391e-14, 2.003948841438953e-11, 3.342474520778158e-09, 1.8368706084922025e-07, 5.288001530322378e-06, 7.059614563141151e-05, 0.0004982676064017114, 0.0021210621121516625, 0.0057659175197223795, 0.011402497000605562, 0.018055712239281835, 0.025021155226822668, 0.03203379751097541, 0.03905131018155587, 0.04606889814801529, 0.053086047825230756, 0.06010401913125584, 0.06712151277301803, 0.07413861293101262]}, "0.5": {"S(t)": [0.9333333333333333, 0.9403508771929825, 0.9473684210526316, 0.9543859649122807, 0.9614035087719298, 0.968421052631579, 0.9754385964912281, 0.9824561403508771, 0.9894736842105263, 0.9964912280701754, 1.0035087719298246, 1.0105263157894737, 1.0175438596491229, 1.024561403508772, 1.0315789473684212, 1.03859649122807, 1.0456140350877192, 1.0526315789473684, 1.0596491228070175, 1.0666666666666667], "V(t)": [0.0, 0.0, 4.2988085575292934e-18, 1.6162927751491595e-13, 2.443696999549055e-10, 7.463698745313391e-08, 4.3750936391495015e-06, 0.00010015068177928104, 0.0008602663226730212, 0.0036177040192544607, 0.008890413372908884, 0.015549179281812415, 0.022532899374197224, 0.029549424360185775, 0.036566533697165164, 0.04358451895011374, 0.050601903112312684, 0.057619344400086904, 0.06463716944031639, 0.07165458002689655]}, "0.75": {"S(t)": [0.9333333333333333, 0.9403508771929825, 0.9473684210526316, 0.9543859649122807, 0.9614035087719298, 0.968421052631579, 0.9754385964912281, 0.9824561403508771, 0.9894736842105263, 0.9964912280701754, 1.0035087719298246, 1.0105263157894737, 1.0175438596491229, 1.024561403508772, 1.0315789473684212, 1.03859649122807, 1.0456140350877192, 1.0526315789473684, 1.0596491228070175, 1.0666666666666667], "V(t)": [0.0, 0.0, 0.0, 0.0, 0.0, 0.0, 4.3871721936705823e-10, 1.2948817128573132e-06, 0.00010283184508071498, 0.0015423886693874205, 0.0062721916833774075, 0.013030393203916225, 0.020040864318707725, 0.02705876199330596, 0.03407616825730891, 0.04109367407090776, 0.048111431057247155, 0.05512866189376954, 0.06214635540026574, 0.06916407723025308]}, "1.0": {"S(t)": [0.9333333333333333, 0.9403508771929825, 0.9473684210526316, 0.9543859649122807, 0.9614035087719298, 0.968421052631579, 0.9754385964912281, 0.9824561403508771, 0.9894736842105263, 0.9964912280701754, 1.0035087719298246, 1.0105263157894737, 1.0175438596491229, 1.024561403508772, 1.0315789473684212, 1.03859649122807, 1.0456140350877192, 1.0526315789473684, 1.0596491228070175, 1.0666666666666667], "V(t)": [0.0, 0.0, 0.0, 0.0, 0.0, 0.0, 0.0, 0.0, 0.0, 0.0, 0.0035091467966512566, 0.010526679947902772, 0.01754429023128693, 0.024561638873287016, 0.03157945889446765, 0.038596617148738736, 0.04561447615335842, 0.052632059894625285, 0.05964918659062721, 0.0666670865490673]}}