{"0.0": {"S(t)": [0.9333333333333333, 0.9403508771929825, 0.9473684210526316, 0.9543859649122807, 0.9614035087719298, 0.968421052631579, 0.9754385964912281, 0.9824561403508771, 0.9894736842105263, 0.9964912280701754, 1.0035087719298246, 1.0105263157894737, 1.0175438596491229, 1.024561403508772, 1.0315789473684212, 1.03859649122807, 1.0456140350877192, 1.0526315789473684, 1.0596491228070175, 1.0666666666666667], "V(t)": [8.650163577618012e-06, 3.020227615943434e-05, 9.301784074765351e-05, 0.0002542811318000574, 0.0006142771807050328, 0.001330893239258651, 0.002610508248942329, 0.004645135024143111, 0.007616935382824151, 0.011558536640151527, 0.016432100300873442, 0.022068634243447554, 0.028281911603763168, 0.034866309559610606, 0.041677474208564484, 0.048602716790182666, 0.05558380735498469, 0.062588370286709, 0.069601268150866, 0.07661758749349162]}, "0.25": {"S(t)": [0.9333333333333333, 0.9403508771929825, 0.9473684210526316, 0.9543859649122807, 0.9614035087719298, 0.968421052631579, 0.9754385964912281, 0.9824561403508771, 0.9894736842105263, 0.9964912280701754, 1.0035087719298246, 1.0105263157894737, 1.0175438596491229, 1.024561403508772, 1.0315789473684212, 1.03859649122807, 1.0456140350877192, 1.0526315789473684, 1.0596491228070175, 1.0666666666666667], "V(t)": [7.391872817820093e-07, 3.950917338609587e-06, 1.7947003851604636e-05, 6.76231949265384e-05, 0.0002143197878534967, 0.00059249851234787, 0.0014061860539216434, 0.0029279839407582342, 0.0054224639297777676, 0.00902117409401624, 0.013727694672682674, 0.019334211661411957, 0.02560051998695356, 0.032259804555367734, 0.03912917905712911, 0.04609313883518546, 0.05309301636680078, 0.0601064263027534, 0.06712299652413392, 0.07414008527090976]}, "0.5": {"S(t)": [0.9333333333333333, 0.9403508771929825, 0.9473684210526316, 0.9543859649122807, 0.9614035087719298, 0.968421052631579, 0.9754385964912281, 0.9824561403508771, 0.9894736842105263, 0.9964912280701754, 1.0035087719298246, 1.0105263157894737, 1.0175438596491229, 1.024561403508772, 1.0315789473684212, 1.03859649122807, 1.0456140350877192, 1.0526315789473684, 1.0596491228070175, 1.0666666666666667], "V(t)": [6.689512097371381e-09, 8.921395647424763e-08, 8.571963643058263e-07, 6.061043743628087e-06, 3.3815514530756774e-05, 0.00014714238837929688, 0.0005014419224461406, 0.0014124243786961597, 0.0032594146630900893, 0.006393276749128975, 0.010876199760831935, 0.016500345998900885, 0.02287381629387619, 0.029649561550551488, 0.036590053893070254, 0.043589264428682294, 0.05060271335583147, 0.05761938242035112, 0.06463717046595112, 0.0716546190487898]}, "0.75": {"S(t)": [0.9333333333333333, 0.9403508771929825, 0.9473684210526316, 0.9543859649122807, 0.9614035087719298, 0.968421052631579, 0.9754385964912281, 0.9824561403508771, 0.9894736842105263, 0.9964912280701754, 1.0035087719298246, 1.0105263157894737, 1.0175438596491229, 1.024561403508772, 1.0315789473684212, 1.03859649122807, 1.0456140350877192, 1.0526315789473684, 1.0596491228070175, 1.0666666666666667], "V(t)": [1.9581818382104302e-15, 7.270424236843176e-13, 9.626883493977824e-11, 5.919836817999704e-09, 2.1221287337626007e-07, 3.8014032383118553e-06, 4.065430926040064e-05, 0.00027149673473831834, 0.0011573912845852332, 0.0034821385734725937, 0.007668032528418663, 0.013476705061647668, 0.020123960979258088, 0.02706950218005427, 0.03407737985498858, 0.041094193660943294, 0.0481121085931869, 0.05512953545354113, 0.06214734551565605, 0.06916526146514862]}, "1.0": {"S(t)": [0.9333333333333333, 0.9403508771929825, 0.9473684210526316, 0.9543859649122807, 0.9614035087719298, 0.968421052631579, 0.9754385964912281, 0.9824561403508771, 0.9894736842105263, 0.9964912280701754, 1.0035087719298246, 1.0105263157894737, 1.0175438596491229, 1.024561403508772, 1.0315789473684212, 1.03859649122807, 1.0456140350877192, 1.0526315789473684, 1.0596491228070175, 1.0666666666666667], "V(t)": [0.0, 0.0, 0.0, 0.0, 0.0, 0.0, 0.0, 0.0, 0.0, 0.0, 0.0035091467966512566, 0.010526679947902772, 0.01754429023128693, 0.024561638873287016, 0.03157945889446765, 0.038596617148738736, 0.04561447615335842, 0.052632059894625285, 0.05964918659062721, 0.0666670865490673]}}