{"S(0.5)": [0.7891814893221081, 0.8113729114987283, 0.8335643336753484, 0.8557557558519687, 0.8779471780285889, 0.9001386002052091, 0.9223300223818293, 0.9445214445584496, 0.9667128667350697, 0.9889042889116899, 1.01109571108831, 1.0332871332649303, 1.0554785554415504, 1.0776699776181706, 1.0998613997947908, 1.1220528219714112, 1.1442442441480314, 1.1664356663246516, 1.1886270885012717, 1.210818510677892], "V(0.5)": [7.851059196652543e-05, 0.00026356417999912155, 0.0007567367616678603, 0.0018863845913672567, 0.004144647835358786, 0.008132645499613123, 0.014446236944010237, 0.023513813069781977, 0.03549028197407604, 0.05022179538477886, 0.0673115507375671, 0.08623530525533082, 0.10646756956047602, 0.12755572555835212, 0.1491639844056829, 0.17106446774982184, 0.19311860916675208, 0.21524921332184632, 0.2374146192421469, 0.259595915050909]}