{"S(0.5)": [0.9333333333333333, 0.9403508771929825, 0.9473684210526316, 0.9543859649122807, 0.9614035087719298, 0.968421052631579, 0.9754385964912281, 0.9824561403508771, 0.9894736842105263, 0.9964912280701754, 1.0035087719298246, 1.0105263157894737, 1.0175438596491229, 1.024561403508772, 1.0315789473684212, 1.03859649122807, 1.0456140350877192, 1.0526315789473684, 1.0596491228070175, 1.0666666666666667], "V(0.5)": [6.689512097371381e-09, 8.921395647424763e-08, 8.571963643058263e-07, 6.061043743628087e-06, 3.3815514530756774e-05, 0.00014714238837929688, 0.0005014419224461406, 0.0014124243786961597, 0.0032594146630900893, 0.006393276749128975, 0.010876199760831935, 0.016500345998900885, 0.02287381629387619, 0.029649561550551488, 0.036590053893070254, 0.043589264428682294, 0.05060271335583147, 0.05761938242035112, 0.06463717046595112, 0.0716546190487898]}