{"S(0.5)": [0.9333333333333333, 0.9403508771929825, 0.9473684210526316, 0.9543859649122807, 0.9614035087719298, 0.968421052631579, 0.9754385964912281, 0.9824561403508771, 0.9894736842105263, 0.9964912280701754, 1.0035087719298246, 1.0105263157894737, 1.0175438596491229, 1.024561403508772, 1.0315789473684212, 1.03859649122807, 1.0456140350877192, 1.0526315789473684, 1.0596491228070175, 1.0666666666666667], "V(0.5)": [0.0, 0.0, 4.2988085575292934e-18, 1.6162927751491595e-13, 2.443696999549055e-10, 7.463698745313391e-08, 4.3750936391495015e-06, 0.00010015068177928104, 0.0008602663226730212, 0.0036177040192544607, 0.008890413372908884, 0.015549179281812415, 0.022532899374197224, 0.029549424360185775, 0.036566533697165164, 0.04358451895011374, 0.050601903112312684, 0.057619344400086904, 0.06463716944031639, 0.07165458002689655]}